ident,type,name,elevation_ft,continent,iso_country,iso_region,municipality,gps_code,iata_code,local_code,coordinates
EDAC,medium_airport,Altenburg-Nobitz Airport,640,EU,DE,DE-TH,Altenburg,EDAC,AOC,,"12.506389, 50.981945"
EDAH,medium_airport,Heringsdorf Airport,93,EU,DE,DE-MV,Heringsdorf,EDAH,HDF,,"14.152299881, 53.8787002563"
EDBM,medium_airport,"Magdeburg ""City"" Airport",259,EU,DE,DE-ST,Magdeburg,EDBM,ZMG,,"11.626389, 52.073612"
EDBN,medium_airport,Neubrandenburg Airport,228,EU,DE,DE-MV,Neubrandenburg,EDBN,FNB,,"13.306, 53.6022"
EDBR,medium_airport,Rothenburg/Görlitz Airport,518,EU,DE,DE-SN,Rothenburg/Oberlausitz,EDBR,,,"14.949999809265137, 51.36333465576172"
EDDB,large_airport,Berlin-Schönefeld Airport,157,EU,DE,DE-BR,Berlin,EDDB,SXF,,"13.5225, 52.380001"
EDDC,large_airport,Dresden Airport,755,EU,DE,DE-SN,Dresden,EDDC,DRS,,"13.767200469970703, 51.1328010559082"
EDDE,medium_airport,Erfurt Airport,1036,EU,DE,DE-TH,Erfurt,EDDE,ERF,,"10.958100318908691, 50.979801177978516"
EDDF,large_airport,Frankfurt am Main Airport,364,EU,DE,DE-HE,Frankfurt am Main,EDDF,FRA,,"8.570556, 50.033333"
EDDG,large_airport,Münster Osnabrück Airport,160,EU,DE,DE-NW,Münster,EDDG,FMO,,"7.68483018875, 52.134601593"
EDDH,large_airport,Hamburg Airport,53,EU,DE,DE-HH,Hamburg,EDDH,HAM,,"9.9882297515869, 53.630401611328"
EDDK,large_airport,Cologne Bonn Airport,302,EU,DE,DE-NW,Cologne,EDDK,CGN,,"7.1427397728, 50.8658981323"
EDDL,large_airport,Düsseldorf Airport,147,EU,DE,DE-NW,Düsseldorf,EDDL,DUS,,"6.76678, 51.289501"
EDDM,large_airport,Munich Airport,1487,EU,DE,DE-BY,Munich,EDDM,MUC,,"11.7861, 48.353802"
EDDN,large_airport,Nuremberg Airport,1046,EU,DE,DE-BY,Nuremberg,EDDN,NUE,,"11.078056, 49.498699"
EDDP,large_airport,Leipzig/Halle Airport,465,EU,DE,DE-SN,Leipzig,EDDP,LEJ,,"12.236389, 51.423889"
EDDR,medium_airport,Saarbrücken Airport,1058,EU,DE,DE-SL,Saarbrücken,EDDR,SCN,,"7.10950994492, 49.214599609400004"
EDDS,large_airport,Stuttgart Airport,1276,EU,DE,DE-BW,Stuttgart,EDDS,STR,,"9.22196006775, 48.689899444599995"
EDDT,large_airport,Berlin-Tegel Airport,122,EU,DE,DE-BE,Berlin,EDDT,TXL,,"13.2877, 52.5597"
EDDV,large_airport,Hannover Airport,183,EU,DE,DE-NI,Hannover,EDDV,HAJ,,"9.685079574580001, 52.461101532"
EDDW,large_airport,Bremen Airport,14,EU,DE,DE-HB,Bremen,EDDW,BRE,,"8.78666973114, 53.0475006104"
EDFE,medium_airport,Frankfurt-Egelsbach Airport,384,EU,DE,DE-HE,Frankfurt am Main,EDFE,,,"8.645833, 49.959999"
EDFH,medium_airport,Frankfurt-Hahn Airport,1649,EU,DE,DE-RP,Frankfurt am Main,EDFH,HHN,,"7.26389, 49.9487"
EDFM,medium_airport,Mannheim-City Airport,308,EU,DE,DE-BW,Mannheim,EDFM,MHG,,"8.514167, 49.473057"
EDFZ,medium_airport,Mainz-Finthen Airport,525,EU,DE,DE-RP,Mainz,EDFZ,,,"8.147222, 49.967499"
EDGE,medium_airport,Eisenach-Kindel Airport,1112,EU,DE,DE-TH,Eisenach,EDGE,EIB,,"10.47973, 50.991604"
EDGS,medium_airport,Siegerland Airport,1966,EU,DE,DE-NW,,EDGS,SGE,,"8.082969665527344, 50.707698822021484"
EDHI,medium_airport,Hamburg-Finkenwerder Airport,23,EU,DE,DE-HH,Hamburg,EDHI,XFW,,"9.835556030273438, 53.5352783203125"
EDHK,medium_airport,Kiel-Holtenau Airport,102,EU,DE,DE-SH,Kiel,EDHK,KEL,,"10.145277976989746, 54.37944412231445"
EDHL,medium_airport,Lübeck Blankensee Airport,53,EU,DE,DE-SH,Lübeck,EDHL,LBC,,"10.7192001343, 53.8054008484"
EDJA,medium_airport,Memmingen Allgau Airport,2077,EU,DE,DE-BY,Memmingen,EDJA,FMM,,"10.2395000458, 47.988800048799995"
EDLN,medium_airport,Mönchengladbach Airport,125,EU,DE,DE-NW,Mönchengladbach,EDLN,MGL,,"6.504444, 51.230278"
EDLP,medium_airport,Paderborn Lippstadt Airport,699,EU,DE,DE-NW,Paderborn,EDLP,PAD,,"8.616319656369999, 51.614101409899995"
EDLV,medium_airport,Weeze Airport,106,EU,DE,DE-NW,Weeze,EDLV,NRN,,"6.14216995239, 51.6024017334"
EDLW,large_airport,Dortmund Airport,425,EU,DE,DE-NW,Dortmund,EDLW,DTM,,"7.61223983765, 51.51829910279999"
EDMA,medium_airport,Augsburg Airport,1516,EU,DE,DE-BY,Augsburg,EDMA,AGB,,"10.931667, 48.425278"
EDMO,medium_airport,Oberpfaffenhofen Airport,1947,EU,DE,DE-BY,,EDMO,OBF,,"11.2831, 48.081402"
EDNY,medium_airport,Friedrichshafen Airport,1367,EU,DE,DE-BW,Friedrichshafen,EDNY,FDH,,"9.51148986816, 47.671298980699994"
EDOP,medium_airport,Schwerin Parchim Airport,166,EU,DE,DE-MV,,EDOP,SZW,,"11.7834, 53.426998"
EDQA,medium_airport,Airport Bamberg-Breitenau,811,EU,DE,DE-BY,Bamberg,EDQA,,,"10.914233, 49.920403"
EDQD,medium_airport,Bayreuth Airport,1601,EU,DE,DE-BY,Bayreuth,EDQD,BYU,,"11.64, 49.985001"
EDQM,medium_airport,Hof-Plauen Airport,1959,EU,DE,DE-BY,Hof,EDQM,HOQ,,"11.856389045715332, 50.288612365722656"
EDSB,large_airport,Karlsruhe Baden-Baden Airport,408,EU,DE,DE-BW,Baden-Baden,EDSB,FKB,,"8.08049964905, 48.7793998718"
EDTD,medium_airport,Donaueschingen-Villingen Airport,2231,EU,DE,DE-BW,Donaueschingen,EDTD,ZQL,,"8.52222156525, 47.97333145139999"
EDTL,medium_airport,Lahr Airport,511,EU,DE,DE-BW,,EDTL,LHA,,"7.82772016525, 48.3693008423"
EDTY,medium_airport,Adolf Würth Airport,1299,EU,DE,DE-BW,Schwäbisch Hall,EDTY,,,"9.783888816829998, 49.1183319092"
EDUZ,medium_airport,Zerbst Airport,289,EU,DE,DE-ST,Zerbst/Anhalt,EDUZ,,,"12.148611, 52.000832"
EDVE,medium_airport,Braunschweig-Wolfsburg Airport,295,EU,DE,DE-NI,Braunschweig,EDVE,BWE,,"10.5561, 52.319199"
EDVK,medium_airport,Kassel-Calden Airport,820,EU,DE,DE-HE,Kassel,EDVK,KSF,,"9.384967, 51.417273"
EDXW,medium_airport,Westerland Sylt Airport,51,EU,DE,DE-SH,Westerland,EDXW,GWT,,"8.34047031403, 54.9132003784"
EEEI,medium_airport,Ämari Air Base,65,EU,EE,EE-37,Keila,EEEI,,,"24.208499908447266, 59.26029968261719"
EEKA,medium_airport,Kärdla Airport,18,EU,EE,EE-39,Kärdla,EEKA,KDL,,"22.830699920654297, 58.99079895019531"
EEKE,medium_airport,Kuressaare Airport,14,EU,EE,EE-74,Kuressaare,EEKE,URE,,"22.50950050354004, 58.22990036010742"
EEPU,medium_airport,Pärnu Airport,47,EU,EE,EE-67,Pärnu,EEPU,EPU,,"24.47279930114746, 58.41899871826172"
EETN,large_airport,Lennart Meri Tallinn Airport,131,EU,EE,EE-37,Tallinn,EETN,TLL,,"24.832799911499997, 59.41329956049999"
EETU,medium_airport,Tartu Airport,219,EU,EE,EE-7B,Tartu,EETU,TAY,,"26.690399169900004, 58.3074989319"
EGAA,large_airport,Belfast International Airport,268,EU,GB,GB-NIR,Belfast,EGAA,BFS,,"-6.2158298492399995, 54.6575012207"
EGAB,medium_airport,St Angelo Airport,155,EU,GB,GB-NIR,Enniskillen,EGAB,ENK,,"-7.651669979095459, 54.39889907836914"
EGAC,large_airport,George Best Belfast City Airport,15,EU,GB,GB-NIR,Belfast,EGAC,BHD,,"-5.872499942779541, 54.618099212646484"
EGAE,medium_airport,City of Derry Airport,22,EU,GB,GB-NIR,Derry,EGAE,LDY,,"-7.161109924316406, 55.04280090332031"
EGBB,large_airport,Birmingham International Airport,327,EU,GB,GB-ENG,Birmingham,EGBB,BHX,,"-1.74802994728, 52.453899383499994"
EGBE,medium_airport,Coventry Airport,267,EU,GB,GB-ENG,Coventry,EGBE,CVT,,"-1.4797199964499999, 52.3697013855"
EGBJ,medium_airport,Gloucestershire Airport,101,EU,GB,GB-ENG,Staverton,EGBJ,GLO,,"-2.167220115661621, 51.89419937133789"
EGBN,medium_airport,Nottingham Airport,138,EU,GB,GB-ENG,Nottingham,EGBN,NQT,,"-1.0791699886322021, 52.91999816894531"
EGCC,large_airport,Manchester Airport,257,EU,GB,GB-ENG,Manchester,EGCC,MAN,,"-2.2749500274658203, 53.35369873046875"
EGCN,large_airport,Robin Hood Doncaster Sheffield Airport,55,EU,GB,GB-ENG,Doncaster,EGCN,DSA,,"-1.01065635681, 53.4805378105"
EGDC,medium_airport,Royal Marines Base Chivenor Airport,27,EU,GB,GB-ENG,Chivenor,EGDC,,,"-4.1503400802612305, 51.08720016479492"
EGDM,medium_airport,MoD Boscombe Down Airport,407,EU,GB,GB-ENG,Amesbury,EGDM,,,"-1.7474100589752197, 51.152198791503906"
EGDR,medium_airport,RNAS Culdrose,267,EU,GB,GB-ENG,Helston,EGDR,,,"-5.255710124969482, 50.08610153198242"
EGDX,medium_airport,St. Athan Airport,163,EU,GB,GB-WLS,St. Athan,EGSY,,,"-3.43575, 51.4048"
EGDY,medium_airport,RNAS Yeovilton,75,EU,GB,GB-ENG,Yeovil,EGDY,YEO,,"-2.638819932937622, 51.0093994140625"
EGEC,medium_airport,Campbeltown Airport,42,EU,GB,GB-SCT,Campbeltown,EGEC,CAL,,"-5.686389923095703, 55.437198638916016"
EGED,medium_airport,Eday Airport,10,EU,GB,GB-SCT,Eday,EGED,EOI,,"-2.7722198963165283, 59.19060134887695"
EGEF,medium_airport,Fair Isle Airport,223,EU,GB,GB-SCT,Fair Isle,EGEF,FIE,,"-1.628059983253479, 59.53580093383789"
EGFE,medium_airport,Haverfordwest Airport,159,EU,GB,GB-WLS,Haverfordwest,EGFE,HAW,,"-4.9611101150512695, 51.833099365234375"
EGFF,large_airport,Cardiff International Airport,220,EU,GB,GB-WLS,Cardiff,EGFF,CWL,,"-3.343329906463623, 51.39670181274414"
EGFH,medium_airport,Swansea Airport,299,EU,GB,GB-WLS,Swansea,EGFH,SWS,,"-4.0678300857543945, 51.60530090332031"
EGGD,large_airport,Bristol Airport,622,EU,GB,GB-ENG,Bristol,EGGD,BRS,,"-2.71909, 51.382702"
EGGP,large_airport,Liverpool John Lennon Airport,80,EU,GB,GB-ENG,Liverpool,EGGP,LPL,,"-2.849720001220703, 53.33359909057617"
EGGW,large_airport,London Luton Airport,526,EU,GB,GB-ENG,London,EGGW,LTN,,"-0.36833301186561584, 51.874698638916016"
EGHC,medium_airport,Land's End Airport,398,EU,GB,GB-ENG,Land's End,EGHC,LEQ,,"-5.67056, 50.102798"
EGHE,medium_airport,St. Mary's Airport,116,EU,GB,GB-ENG,St. Mary's,EGHE,ISC,,"-6.291669845581055, 49.913299560546875"
EGHH,large_airport,Bournemouth Airport,38,EU,GB,GB-ENG,Bournemouth,EGHH,BOH,,"-1.8424999713897705, 50.779998779296875"
EGHI,large_airport,Southampton Airport,44,EU,GB,GB-ENG,Southampton,EGHI,SOU,,"-1.3567999601364136, 50.95029830932617"
EGHL,medium_airport,Lasham Airfield,618,EU,GB,GB-ENG,Lasham,EGHL,,,"-1.0335, 51.187199"
EGHQ,medium_airport,Newquay Cornwall Airport,390,EU,GB,GB-ENG,Newquay,EGHQ,NQY,,"-4.995409965515137, 50.44060134887695"
EGKA,medium_airport,Shoreham Airport,7,EU,GB,GB-ENG,Brighton,EGKA,ESH,,"-0.297222, 50.835602"
EGKB,medium_airport,London Biggin Hill Airport,598,EU,GB,GB-ENG,London,EGKB,BQH,,"0.0324999988079, 51.33079910279999"
EGKK,large_airport,London Gatwick Airport,202,EU,GB,GB-ENG,London,EGKK,LGW,,"-0.190278, 51.148102"
EGLC,medium_airport,London City Airport,19,EU,GB,GB-ENG,London,EGLC,LCY,,"0.055278, 51.505299"
EGLF,medium_airport,Farnborough Airport,238,EU,GB,GB-ENG,Farnborough,EGLF,FAB,,"-0.776332974434, 51.2757987976"
EGLK,medium_airport,Blackbushe Airport,325,EU,GB,GB-ENG,Yateley,EGLK,BBS,,"-0.8475000262260437, 51.32389831542969"
EGLL,large_airport,London Heathrow Airport,83,EU,GB,GB-ENG,London,EGLL,LHR,,"-0.461941, 51.4706"
EGMC,medium_airport,Southend Airport,49,EU,GB,GB-ENG,Southend,EGMC,SEN,,"0.6955559849739075, 51.5713996887207"
EGMD,medium_airport,Lydd Airport,13,EU,GB,GB-ENG,"Lydd, Ashford",EGMD,LYX,,"0.9391670227050781, 50.95610046386719"
EGNC,medium_airport,Carlisle Airport,190,EU,GB,GB-ENG,Carlisle,EGNC,CAX,,"-2.8091700077056885, 54.9375"
EGNH,medium_airport,Blackpool International Airport,34,EU,GB,GB-ENG,Blackpool,EGNH,BLK,,"-3.0286099910736084, 53.77170181274414"
EGNJ,medium_airport,Humberside Airport,121,EU,GB,GB-ENG,Grimsby,EGNJ,HUY,,"-0.350832998752594, 53.57440185546875"
EGNL,medium_airport,Barrow Walney Island Airport,173,EU,GB,GB-ENG,Barrow-in-Furness,EGNL,BWF,,"-3.2675, 54.1286111"
EGNM,large_airport,Leeds Bradford Airport,681,EU,GB,GB-ENG,Leeds,EGNM,LBA,,"-1.6605700254440308, 53.86589813232422"
EGNO,medium_airport,Warton Aerodrome,55,EU,GB,GB-ENG,Warton,EGNO,WRT,,"-2.88306, 53.745098"
EGNR,medium_airport,Hawarden Airport,45,EU,GB,GB-WLS,Hawarden,EGNR,CEG,,"-2.9777801036834717, 53.1781005859375"
EGNT,large_airport,Newcastle Airport,266,EU,GB,GB-ENG,Newcastle,EGNT,NCL,,"-1.6916699409484863, 55.037498474121094"
EGNV,medium_airport,Durham Tees Valley Airport,120,EU,GB,GB-ENG,Durham,EGNV,MME,,"-1.4294099807739258, 54.50920104980469"
EGNX,large_airport,East Midlands Airport,306,EU,GB,GB-ENG,Nottingham,EGNX,EMA,,"-1.32806003094, 52.8311004639"
EGOM,medium_airport,RAF Spadeadam,1066,EU,GB,GB-ENG,Spadeadam,EGOM,,,"-2.54999995232, 55.0499992371"
EGOS,medium_airport,RAF Shawbury,249,EU,GB,GB-ENG,Shawbury,EGOS,,,"-2.6680400371551514, 52.79819869995117"
EGOV,medium_airport,Anglesey Airport,37,EU,GB,GB-WLS,Angelsey,EGOV,VLY,,"-4.53533983231, 53.2481002808"
EGPA,medium_airport,Kirkwall Airport,50,EU,GB,GB-SCT,Orkney Islands,EGPA,KOI,,"-2.9049999713897705, 58.957801818847656"
EGPB,medium_airport,Sumburgh Airport,20,EU,GB,GB-SCT,Lerwick,EGPB,LSI,,"-1.2955600023269653, 59.87889862060547"
EGPC,medium_airport,Wick Airport,126,EU,GB,GB-SCT,Wick,EGPC,WIC,,"-3.09306001663208, 58.458900451660156"
EGPD,large_airport,Aberdeen Dyce Airport,215,EU,GB,GB-SCT,Aberdeen,EGPD,ABZ,,"-2.197779893875122, 57.201900482177734"
EGPE,medium_airport,Inverness Airport,31,EU,GB,GB-SCT,Inverness,EGPE,INV,,"-4.047500133514404, 57.54249954223633"
EGPF,large_airport,Glasgow International Airport,26,EU,GB,GB-SCT,Glasgow,EGPF,GLA,,"-4.43306, 55.871899"
EGPH,large_airport,Edinburgh Airport,135,EU,GB,GB-SCT,Edinburgh,EGPH,EDI,,"-3.372499942779541, 55.95000076293945"
EGPI,medium_airport,Islay Airport,56,EU,GB,GB-SCT,Port Ellen,EGPI,ILY,,"-6.256669998168945, 55.68190002441406"
EGPK,medium_airport,Glasgow Prestwick Airport,65,EU,GB,GB-SCT,Glasgow,EGPK,PIK,,"-4.586669921875, 55.5093994140625"
EGPL,medium_airport,Benbecula Airport,19,EU,GB,GB-SCT,Balivanich,EGPL,BEB,,"-7.3627800941467285, 57.48109817504883"
EGPM,medium_airport,Scatsta Airport,81,EU,GB,GB-SCT,Shetland Islands,EGPM,SCS,,"-1.2961100339889526, 60.43280029296875"
EGPN,medium_airport,Dundee Airport,17,EU,GB,GB-SCT,Dundee,EGPN,DND,,"-3.025830030441284, 56.45249938964844"
EGPO,medium_airport,Stornoway Airport,26,EU,GB,GB-SCT,Stornoway,EGPO,SYY,,"-6.331110000610352, 58.215599060058594"
EGPR,medium_airport,Barra Airport,5,EU,GB,GB-SCT,Eoligarry,EGPR,BRR,,"-7.44306, 57.0228"
EGPU,medium_airport,Tiree Airport,38,EU,GB,GB-SCT,Balemartine,EGPU,TRE,,"-6.869170188903809, 56.49919891357422"
EGQK,medium_airport,RAF Kinloss,22,EU,GB,GB-SCT,Kinloss,EGQK,FSS,,"-3.56064009666, 57.6493988037"
EGQL,medium_airport,RAF Leuchars,38,EU,GB,GB-SCT,St. Andrews,EGQL,ADX,,"-2.8684399127960205, 56.37289810180664"
EGQS,medium_airport,RAF Lossiemouth,42,EU,GB,GB-SCT,Lossiemouth,EGQS,LMO,,"-3.339169979095459, 57.7052001953125"
EGSC,medium_airport,Cambridge Airport,47,EU,GB,GB-ENG,Cambridge,EGSC,CBG,,"0.175, 52.205002"
EGSH,large_airport,Norwich International Airport,117,EU,GB,GB-ENG,Norwich,EGSH,NWI,,"1.28278005123, 52.6758003235"
EGSS,large_airport,London Stansted Airport,348,EU,GB,GB-ENG,London,EGSS,STN,,"0.234999999404, 51.8849983215"
EGTC,medium_airport,Cranfield Airport,360,EU,GB,GB-ENG,Cranfield,EGTC,,,"-0.616667, 52.072201"
EGTE,large_airport,Exeter International Airport,102,EU,GB,GB-ENG,Exeter,EGTE,EXT,,"-3.4138898849487305, 50.73440170288086"
EGTK,medium_airport,Oxford (Kidlington) Airport,270,EU,GB,GB-ENG,Kidlington,EGTK,OXF,,"-1.32000005245, 51.8368988037"
EGUB,medium_airport,RAF Benson,226,EU,GB,GB-ENG,Benson,EGUB,BEX,,"-1.09582996368, 51.616401672399995"
EGUL,large_airport,RAF Lakenheath,32,EU,GB,GB-ENG,Lakenheath,EGUL,LKZ,,"0.56099998951, 52.409301757799994"
EGUN,large_airport,RAF Mildenhall,33,EU,GB,GB-ENG,Mildenhall,EGUN,MHZ,,"0.48640599846839905, 52.361900329589844"
EGUW,medium_airport,Wattisham Airfield,284,EU,GB,GB-ENG,Stowmarket,EGUW,,,"0.956189, 52.127451"
EGUY,medium_airport,RAF Wyton,135,EU,GB,GB-ENG,St. Ives,EGUY,QUY,,"-0.107832998037, 52.3572006226"
EGVA,large_airport,RAF Fairford,286,EU,GB,GB-ENG,Fairford,EGVA,FFD,,"-1.7900300025900002, 51.6822013855"
EGVN,large_airport,RAF Brize Norton,288,EU,GB,GB-ENG,Brize Norton,EGVN,BZZ,,"-1.58362, 51.75"
EGVO,medium_airport,RAF Odiham,405,EU,GB,GB-ENG,Odiham,EGVO,ODH,,"-0.94282501936, 51.2341003418"
EGWC,medium_airport,DCAE Cosford Air Base,272,EU,GB,GB-ENG,Cosford,EGWC,,,"-2.30558, 52.639999"
EGWU,medium_airport,RAF Northolt,124,EU,GB,GB-ENG,London,EGWU,NHT,,"-0.418166995049, 51.553001403799996"
EGXC,medium_airport,RAF Coningsby,25,EU,GB,GB-ENG,Coningsby,EGXC,QCY,,"-0.166014000773, 53.0929985046"
EGXD,medium_airport,RAF Dishforth,117,EU,GB,GB-ENG,Dishforth,EGXD,,,"-1.42025005817, 54.1371994019"
EGXE,medium_airport,RAF Leeming Air Base,132,EU,GB,GB-ENG,Leeming,EGXE,,,"-1.5354, 54.2924"
EGXG,medium_airport,Leeds East Airport,29,EU,GB,GB-ENG,Church Fenton,EGCM,,,"-1.1955, 53.834301"
EGXH,medium_airport,RAF Honington,174,EU,GB,GB-ENG,Thetford,EGXH,BEQ,,"0.7729390263557434, 52.34260177612305"
EGXP,medium_airport,RAF Scampton,202,EU,GB,GB-ENG,Scampton,EGXP,SQZ,,"-0.550832986832, 53.307800293"
EGXT,medium_airport,RAF Wittering,273,EU,GB,GB-ENG,Wittering,EGXT,,,"-0.476453, 52.612598"
EGXU,medium_airport,RAF Linton-On-Ouse,53,EU,GB,GB-ENG,Linton-On-Ouse,EGXU,HRT,,"-1.2527500391, 54.0489006042"
EGXW,medium_airport,RAF Waddington,231,EU,GB,GB-ENG,Waddington,EGXW,WTN,,"-0.523810982704, 53.1661987305"
EGXZ,medium_airport,RAF Topcliffe,92,EU,GB,GB-ENG,Topcliffe,EGXZ,,,"-1.3820899725, 54.205501556399994"
EGYD,medium_airport,RAF Cranwell,218,EU,GB,GB-ENG,Cranwell,EGYD,,,"-0.48324200511, 53.0303001404"
EGYE,medium_airport,RAF Barkston Heath,367,EU,GB,GB-ENG,Grantham,EGYE,,,"-0.561625003815, 52.962200164799995"
EGYM,medium_airport,RAF Marham,75,EU,GB,GB-ENG,Marham,EGYM,KNF,,"0.550692, 52.648395"
EPBP,medium_airport,Biała Podlaska Airfield,485,EU,PL,PL-LU,Biała Podlaska,EPBP,BXP,,"23.1325278, 52.00078"
EPBY,medium_airport,Bydgoszcz Ignacy Jan Paderewski Airport,235,EU,PL,PL-KP,Bydgoszcz,EPBY,BZG,,"17.9776992798, 53.096801757799994"
EPCE,medium_airport,Cewice Air Base,495,EU,PL,PL-PM,Lębork,EPCE,,,"17.7633, 54.416"
EPDE,medium_airport,Deblin Military Air Base,392,EU,PL,PL-LU,Dęblin,EPDE,,,"21.8936004639, 51.551399231"
EPGD,large_airport,Gdańsk Lech Wałęsa Airport,489,EU,PL,PL-PM,Gdańsk,EPGD,GDN,,"18.46619987487793, 54.377601623535156"
EPIR,medium_airport,Inowroclaw Military Air Base,259,EU,PL,PL-KP,,EPIR,,,"18.3306007385, 52.8293991089"
EPKK,large_airport,Kraków John Paul II International Airport,791,EU,PL,PL-MA,Kraków,EPKK,KRK,,"19.7848, 50.077702"
EPKS,medium_airport,Krzesiny Military Air Base,265,EU,PL,PL-WP,,EPKS,,,"16.9664001465, 52.3316993713"
EPKT,large_airport,Katowice International Airport,995,EU,PL,PL-SL,Katowice,EPKT,KTW,,"19.08, 50.4743"
EPLK,medium_airport,Lask Military Air Base,633,EU,PL,PL-LD,,EPLK,,,"19.179100036599998, 51.551700592"
EPLL,medium_airport,Łódź Władysław Reymont Airport,604,EU,PL,PL-LD,Łódź,EPLL,LCJ,,"19.3980998993, 51.721900939899996"
EPLY,medium_airport,Leczyca Military Air Base,377,EU,PL,PL-LD,Leczyca,EPLY,,,"19.1455993652, 52.004699707"
EPMB,medium_airport,Malbork Military Air Base,16,EU,PL,PL-PM,,EPMB,,,"19.134199142499998, 54.0269012451"
EPMI,medium_airport,Miroslawiec Military Air Base,459,EU,PL,PL-ZP,Mirosławiec,EPMI,,,"16.0827999115, 53.395099639899996"
EPMM,medium_airport,Minsk Mazowiecki Military Air Base,604,EU,PL,PL-MZ,,EPMM,,,"21.6558990479, 52.1954994202"
EPMO,large_airport,Modlin Airport,341,EU,PL,PL-MZ,Warsaw,EPMO,WMI,,"20.6518, 52.451099"
EPOK,medium_airport,Oksywie Military Air Base,144,EU,PL,PL-PM,Gdynia,EPOK,QYD,,"18.51720047, 54.57970047"
EPPO,large_airport,Poznań-Ławica Airport,308,EU,PL,PL-WP,Poznań,EPPO,POZ,,"16.8262996674, 52.421001434299995"
EPPW,medium_airport,Powidz Military Air Base,371,EU,PL,PL-WP,,EPPW,,,"17.853901, 52.379398"
EPRA,medium_airport,Radom Airport,610,EU,PL,PL-MZ,Radom,EPRA,RDO,,"21.213300705, 51.3891983032"
EPRZ,medium_airport,Rzeszów-Jasionka Airport,693,EU,PL,PL-PK,Rzeszów,EPRZ,RZE,,"22.018999, 50.110001"
EPSC,medium_airport,"Szczecin-Goleniów ""Solidarność"" Airport",154,EU,PL,PL-ZP,Goleniow,EPSC,SZZ,,"14.902199745199999, 53.584701538100006"
EPSN,medium_airport,Swidwin Military Air Base,385,EU,PL,PL-ZP,,EPSN,,,"15.826299667399999, 53.790599823"
EPSY,medium_airport,Olsztyn-Mazury Airport,463,EU,PL,PL-WN,Olsztyn,EPSY,SZY,,"20.9377, 53.481899"
EPTM,medium_airport,Tomaszow Mazowiecki Military Air Base,571,EU,PL,PL-LD,Tomaszów Mazowiecki,EPTM,,,"20.0977993011, 51.584400177"
EPWA,large_airport,Warsaw Chopin Airport,362,EU,PL,PL-MZ,Warsaw,EPWA,WAW,,"20.967100143399996, 52.1656990051"
EPWR,large_airport,Copernicus Wrocław Airport,404,EU,PL,PL-DS,Wrocław,EPWR,WRO,,"16.885799408, 51.1026992798"
EPZG,medium_airport,Zielona Góra-Babimost Airport,194,EU,PL,PL-LB,Babimost,EPZG,IEG,,"15.7986001968, 52.138500213600004"
ETAD,medium_airport,Spangdahlem Air Base,1197,EU,DE,DE-RP,Trier,ETAD,SPM,,"6.69250011444, 49.9726982117"
ETAR,large_airport,Ramstein Air Base,776,EU,DE,DE-RP,Ramstein,ETAR,RMS,,"7.600279808044434, 49.4369010925293"
ETHB,medium_airport,Bückeburg Air Base,230,EU,DE,DE-NI,,ETHB,,,"9.08217, 52.2785"
ETHC,medium_airport,Celle Army Airfield,129,EU,DE,DE-NI,,ETHC,,,"10.0221, 52.591202"
ETHF,medium_airport,Fritzlar Army Airfield,1345,EU,DE,DE-HE,Fritzlar,ETHF,FRZ,,"9.286, 51.1146"
ETHL,medium_airport,Laupheim Air Base,1766,EU,DE,DE-BW,,ETHL,,,"9.91002, 48.220299"
ETHM,medium_airport,Mendig Airfield,597,EU,DE,DE-RP,,EDRE,,,"7.31533, 50.366001"
ETHN,medium_airport,Niederstetten Army Air Base,1339,EU,DE,DE-BW,Niederstetten,ETHN,,,"9.958889, 49.391945"
ETHS,medium_airport,Fassberg Air Base,245,EU,DE,DE-NI,,ETHS,,,"10.185827, 52.919399"
ETIC,medium_airport,Grafenwohr Army Air Field,1363,EU,DE,DE-BY,,ETIC,,,"11.940199851989746, 49.698699951171875"
ETIH,medium_airport,Hohenfels Army Air Field,1455,EU,DE,DE-BY,,ETIH,,,"11.836099624633789, 49.218101501464844"
ETMN,medium_airport,Nordholz Naval Airbase,74,EU,DE,DE-NI,Cuxhaven,ETMN,FCN,,"8.658499717709999, 53.7677001953"
ETND,medium_airport,Diepholz Air Base,128,EU,DE,DE-NI,Diepholz,ETND,,,"8.342222, 52.585556"
ETNG,medium_airport,Geilenkirchen Air Base,296,EU,DE,DE-NW,,ETNG,GKE,,"6.04242, 50.9608"
ETNH,medium_airport,Hohn Air Base,39,EU,DE,DE-SH,,ETNH,,,"9.53817, 54.312199"
ETNL,medium_airport,Rostock-Laage Airport,138,EU,DE,DE-MV,Rostock,ETNL,RLG,,"12.278300285299999, 53.9182014465"
ETNN,medium_airport,Nörvenich Air Base,386,EU,DE,DE-NW,,ETNN,,,"6.65817, 50.8312"
ETNS,medium_airport,Schleswig Air Base,70,EU,DE,DE-SH,Jagel,ETNS,WBG,,"9.51633, 54.459301"
ETNT,medium_airport,Wittmundhafen Air Base,26,EU,DE,DE-NI,,ETNT,,,"7.66733, 53.547798"
ETNW,medium_airport,Wunstorf Air Base,187,EU,DE,DE-NI,,ETNW,,,"9.42717, 52.457298"
ETOU,medium_airport,Wiesbaden Army Airfield,461,EU,DE,DE-HE,Wiesbaden,ETOU,WIE,,"8.325400352478027, 50.049800872802734"
ETSB,medium_airport,Büchel Air Base,1568,EU,DE,DE-RP,,ETSB,,,"7.06333017349, 50.1738014221"
ETSH,medium_airport,Holzdorf Air Base,265,EU,DE,DE-BR,,ETSH,,,"13.1677, 51.767799"
ETSI,medium_airport,Ingolstadt Manching Airport,1202,EU,DE,DE-BY,Manching,ETSI,IGS,,"11.534000396728516, 48.7156982421875"
ETSL,medium_airport,Lechfeld Air Base,1822,EU,DE,DE-BY,Lagerlechfeld,ETSL,,,"10.8612, 48.185504"
ETSN,medium_airport,Neuburg AFB,1249,EU,DE,DE-BY,Neuburg (Donau),ETSN,,,"11.2115, 48.710999"
EVDA,medium_airport,Daugavpils Intrenational Airport,398,EU,LV,LV-DA,Daugavpils,EVDA,DGP,,"26.6650009155, 55.944721221900004"
EVKA,medium_airport,Jēkabpils Air Base,289,EU,LV,LV-JK,Jēkabpils,EVKA,,,"25.8925, 56.534698"
EVLA,medium_airport,Liepāja International Airport,16,EU,LV,LV-LE,Liepāja,EVLA,LPX,,"21.096900939941406, 56.51750183105469"
EVRA,large_airport,Riga International Airport,36,EU,LV,LV-RIX,Riga,EVRA,RIX,,"23.971099853515625, 56.92359924316406"
EVTA,medium_airport,Jūrmala Airport,220,EU,LV,LV-TU,Tukums,EVJA,,,"23.2239, 56.9422"
EVVA,medium_airport,Ventspils International Airport,19,EU,LV,LV-VEN,Ventspils,EVVA,VNT,,"21.5442008972, 57.35779953"
EYKA,medium_airport,Kaunas International Airport,256,EU,LT,LT-KU,Kaunas,EYKA,KUN,,"24.084800720214844, 54.96390151977539"
EYKD,medium_airport,Kėdainiai Air Base,171,EU,LT,LT-KU,Kėdainiai,EYKD,,,"23.95639991760254, 55.31169891357422"
EYPA,medium_airport,Palanga International Airport,33,EU,LT,LT-KL,Palanga,EYPA,PLQ,,"21.093900680541992, 55.973201751708984"
EYPP,medium_airport,Panevėžys Air Base,197,EU,LT,LT-PN,Panevėžys,EYPP,PNV,,"24.460800170898438, 55.729400634765625"
EYSA,medium_airport,Šiauliai International Airport,443,EU,LT,LT-SA,Šiauliai,EYSA,SQQ,,"23.395000457763672, 55.89390182495117"
EYSB,medium_airport,Barysiai Airfield,270,EU,LT,LT-SA,Šiauliai,EYSB,,,"23.5581, 56.070599"
EYVI,large_airport,Vilnius International Airport,648,EU,LT,LT-VL,Vilnius,EYVI,VNO,,"25.285801, 54.634102"
GB-OUK,medium_airport,Outer Skerries Airport,76,EU,GB,GB-SCT,Grunay Island,EGOU,OUK,,"-0.75, 60.4252"
LCRA,large_airport,RAF Akrotiri,76,EU,GB,GB-U-A,Akrotiri,LCRA,AKT,,"32.9879, 34.590401"
LUZ,medium_airport,Lublin Airport,633,EU,PL,PL-LU,Lublin,EPLB,LUZ,,"22.713611, 51.240278"
